-- INSERCIÓN DE DATOS TABLA ESPECIALIDAD
INSERT INTO public.ESPECIALIDAD (COD_ESPECIALIDAD, NOM_ESPECIALIDAD)VALUES (1, 'Pediatría');
INSERT INTO public.ESPECIALIDAD (COD_ESPECIALIDAD, NOM_ESPECIALIDAD) VALUES (2, 'Nutriología');
INSERT INTO public.ESPECIALIDAD (COD_ESPECIALIDAD, NOM_ESPECIALIDAD) VALUES (3, 'Dermatología');
INSERT INTO public.ESPECIALIDAD (COD_ESPECIALIDAD, NOM_ESPECIALIDAD) VALUES (4, 'Alergología');
INSERT INTO public.ESPECIALIDAD (COD_ESPECIALIDAD, NOM_ESPECIALIDAD) VALUES (5, 'Neurología');
INSERT INTO public.ESPECIALIDAD (COD_ESPECIALIDAD, NOM_ESPECIALIDAD) VALUES (6, 'Psiquiatría');
INSERT INTO public.ESPECIALIDAD (COD_ESPECIALIDAD, NOM_ESPECIALIDAD) VALUES (7, 'Ginecología');
INSERT INTO public.ESPECIALIDAD (COD_ESPECIALIDAD, NOM_ESPECIALIDAD) VALUES (8, 'Oftamología');
INSERT INTO public.ESPECIALIDAD (COD_ESPECIALIDAD, NOM_ESPECIALIDAD) VALUES (9, 'Otorrinolaringología');
INSERT INTO public.ESPECIALIDAD (COD_ESPECIALIDAD, NOM_ESPECIALIDAD) VALUES (10, 'Otorrinolaringología 1');
INSERT INTO public.ESPECIALIDAD (COD_ESPECIALIDAD, NOM_ESPECIALIDAD) VALUES (11, 'Medicina Interna ');
INSERT INTO public.ESPECIALIDAD (COD_ESPECIALIDAD, NOM_ESPECIALIDAD) VALUES (12, 'Endocrinología ');
INSERT INTO public.ESPECIALIDAD (COD_ESPECIALIDAD, NOM_ESPECIALIDAD) VALUES (13, 'Urología ');
INSERT INTO public.ESPECIALIDAD (COD_ESPECIALIDAD, NOM_ESPECIALIDAD) VALUES (14, 'Reumatología ');
INSERT INTO public.ESPECIALIDAD (COD_ESPECIALIDAD, NOM_ESPECIALIDAD) VALUES (15, 'Neurología ');
INSERT INTO public.ESPECIALIDAD (COD_ESPECIALIDAD, NOM_ESPECIALIDAD) VALUES (16, 'Anestesia (cita preanestésica) ');
INSERT INTO public.ESPECIALIDAD (COD_ESPECIALIDAD, NOM_ESPECIALIDAD) VALUES (17, 'Hematología ');
INSERT INTO public.ESPECIALIDAD (COD_ESPECIALIDAD, NOM_ESPECIALIDAD) VALUES (18, 'Hepatología ');
INSERT INTO public.ESPECIALIDAD (COD_ESPECIALIDAD, NOM_ESPECIALIDAD) VALUES (19, 'Oncología adultos ');
INSERT INTO public.ESPECIALIDAD (COD_ESPECIALIDAD, NOM_ESPECIALIDAD) VALUES (20, 'Cirugía de mama y tejidos blandos ');
INSERT INTO public.ESPECIALIDAD (COD_ESPECIALIDAD, NOM_ESPECIALIDAD) VALUES (21, 'Ginecología oncológica ');
INSERT INTO public.ESPECIALIDAD (COD_ESPECIALIDAD, NOM_ESPECIALIDAD) VALUES (22, 'Dolor y cuidados paliativos ');
INSERT INTO public.ESPECIALIDAD (COD_ESPECIALIDAD, NOM_ESPECIALIDAD) VALUES (23, 'Urología oncológica ');
INSERT INTO public.ESPECIALIDAD (COD_ESPECIALIDAD, NOM_ESPECIALIDAD) VALUES (24, 'Pediatría ');
INSERT INTO public.ESPECIALIDAD (COD_ESPECIALIDAD, NOM_ESPECIALIDAD) VALUES (25, 'Nefrología Pediátrica ');
INSERT INTO public.ESPECIALIDAD (COD_ESPECIALIDAD, NOM_ESPECIALIDAD) VALUES (26, 'Neumología Pediátrica ');
INSERT INTO public.ESPECIALIDAD (COD_ESPECIALIDAD, NOM_ESPECIALIDAD) VALUES (27, 'Reumatología Pediátrica ');
INSERT INTO public.ESPECIALIDAD (COD_ESPECIALIDAD, NOM_ESPECIALIDAD) VALUES (28, 'Gastroenterología Pediátrica ');
INSERT INTO public.ESPECIALIDAD (COD_ESPECIALIDAD, NOM_ESPECIALIDAD) VALUES (29, 'Anestesia (cita preanestésica) ');
INSERT INTO public.ESPECIALIDAD (COD_ESPECIALIDAD, NOM_ESPECIALIDAD) VALUES (30, 'Urodinamia ');
INSERT INTO public.ESPECIALIDAD (COD_ESPECIALIDAD, NOM_ESPECIALIDAD) VALUES (31, 'Uroflujometría ');
INSERT INTO public.ESPECIALIDAD (COD_ESPECIALIDAD, NOM_ESPECIALIDAD) VALUES (32, 'Retiro y colocación de sonda vesical ');
INSERT INTO public.ESPECIALIDAD (COD_ESPECIALIDAD, NOM_ESPECIALIDAD) VALUES (33, 'Retiro de catéter doble J ');
INSERT INTO public.ESPECIALIDAD (COD_ESPECIALIDAD, NOM_ESPECIALIDAD) VALUES (34, 'Crioterapia genital ');
INSERT INTO public.ESPECIALIDAD (COD_ESPECIALIDAD, NOM_ESPECIALIDAD) VALUES (35, 'Disfunción eréctil ');

-- INSERCIÓN DE DATOS USUARIO
insert into public.USUARIO  (COD_USUARIO, NOM_USUARIO, APELLIDO_USUARIO, ALIAS_USUARIO, CLAVE_USUARIO) values (1, 'Zena', 'Nuscha', 'znuscha0', 'qdwPE6ZYhisz');
insert into public.USUARIO  (COD_USUARIO, NOM_USUARIO, APELLIDO_USUARIO, ALIAS_USUARIO, CLAVE_USUARIO) values (2, 'Gilli', 'Oldrey', 'goldrey1', 'y9ZuOHOMN2T5');
insert into public.USUARIO  (COD_USUARIO, NOM_USUARIO, APELLIDO_USUARIO, ALIAS_USUARIO, CLAVE_USUARIO) values (3, 'Franchot', 'Corzor', 'fcorzor2', 'NOgBu8');
insert into public.USUARIO  (COD_USUARIO, NOM_USUARIO, APELLIDO_USUARIO, ALIAS_USUARIO, CLAVE_USUARIO) values (4, 'Agathe', 'Flores', 'aflores3', 'IXCNCd');
insert into public.USUARIO  (COD_USUARIO, NOM_USUARIO, APELLIDO_USUARIO, ALIAS_USUARIO, CLAVE_USUARIO) values (5, 'Kinna', 'Drewell', 'kdrewell4', 'Mk2N7ZWS8pWE');
insert into public.USUARIO  (COD_USUARIO, NOM_USUARIO, APELLIDO_USUARIO, ALIAS_USUARIO, CLAVE_USUARIO) values (6, 'Hershel', 'Brearton', 'hbrearton5', 'rHYiZc0276');
insert into public.USUARIO  (COD_USUARIO, NOM_USUARIO, APELLIDO_USUARIO, ALIAS_USUARIO, CLAVE_USUARIO) values (7, 'Gusta', 'Pettipher', 'gpettipher6', 'H35HPwRY');
insert into public.USUARIO  (COD_USUARIO, NOM_USUARIO, APELLIDO_USUARIO, ALIAS_USUARIO, CLAVE_USUARIO) values (8, 'Abigael', 'Karolczyk', 'akarolczyk7', '3x8Pc0Sh');
insert into public.USUARIO  (COD_USUARIO, NOM_USUARIO, APELLIDO_USUARIO, ALIAS_USUARIO, CLAVE_USUARIO) values (9, 'Bjorn', 'Santo', 'bsanto8', 'WEYsS5');
insert into public.USUARIO  (COD_USUARIO, NOM_USUARIO, APELLIDO_USUARIO, ALIAS_USUARIO, CLAVE_USUARIO) values (10, 'Sunny', 'Wigmore', 'swigmore9', 'YLQYUi8I');
insert into public.USUARIO  (COD_USUARIO, NOM_USUARIO, APELLIDO_USUARIO, ALIAS_USUARIO, CLAVE_USUARIO) values (11, 'Brant', 'Glander', 'bglandera', 'l7CtnW2rzO');
insert into public.USUARIO  (COD_USUARIO, NOM_USUARIO, APELLIDO_USUARIO, ALIAS_USUARIO, CLAVE_USUARIO) values (12, 'Frederica', 'Steen', 'fsteenb', 'gfWNFuykH3nm');
insert into public.USUARIO  (COD_USUARIO, NOM_USUARIO, APELLIDO_USUARIO, ALIAS_USUARIO, CLAVE_USUARIO) values (13, 'Sonnie', 'Wayon', 'swayonc', 'rPBribvpoi');
insert into public.USUARIO  (COD_USUARIO, NOM_USUARIO, APELLIDO_USUARIO, ALIAS_USUARIO, CLAVE_USUARIO) values (14, 'Tildy', 'Shiers', 'tshiersd', 'yPc3rwXEWCy');
insert into public.USUARIO  (COD_USUARIO, NOM_USUARIO, APELLIDO_USUARIO, ALIAS_USUARIO, CLAVE_USUARIO) values (15, 'Prescott', 'Malitrott', 'pmalitrotte', '2p5yBG');
insert into public.USUARIO  (COD_USUARIO, NOM_USUARIO, APELLIDO_USUARIO, ALIAS_USUARIO, CLAVE_USUARIO) values (16, 'Eloise', 'Robbings', 'erobbingsf', 'sF1u0pGUg');
insert into public.USUARIO  (COD_USUARIO, NOM_USUARIO, APELLIDO_USUARIO, ALIAS_USUARIO, CLAVE_USUARIO) values (17, 'Ramsey', 'Bennit', 'rbennitg', 'eJ0cfw');
insert into public.USUARIO  (COD_USUARIO, NOM_USUARIO, APELLIDO_USUARIO, ALIAS_USUARIO, CLAVE_USUARIO) values (18, 'Jenica', 'Laugheran', 'jlaugheranh', 'ez8agxn8H7tw');
insert into public.USUARIO  (COD_USUARIO, NOM_USUARIO, APELLIDO_USUARIO, ALIAS_USUARIO, CLAVE_USUARIO) values (19, 'Guillema', 'Linnit', 'glinniti', 'zZhL0thwS');
insert into public.USUARIO  (COD_USUARIO, NOM_USUARIO, APELLIDO_USUARIO, ALIAS_USUARIO, CLAVE_USUARIO) values (20, 'Wilmette', 'Wilsher', 'wwilsherj', '56KIkQpP');
insert into public.USUARIO  (COD_USUARIO, NOM_USUARIO, APELLIDO_USUARIO, ALIAS_USUARIO, CLAVE_USUARIO) values (21, 'Ailee', 'Featherston', 'afeatherstonk', 'Vhtf4V');
insert into public.USUARIO  (COD_USUARIO, NOM_USUARIO, APELLIDO_USUARIO, ALIAS_USUARIO, CLAVE_USUARIO) values (22, 'Arny', 'Weems', 'aweemsl', 'EDZh3KfvAeBw');
insert into public.USUARIO  (COD_USUARIO, NOM_USUARIO, APELLIDO_USUARIO, ALIAS_USUARIO, CLAVE_USUARIO) values (23, 'Scarlet', 'Sanford', 'ssanfordm', '0s1wsG7X');
insert into public.USUARIO  (COD_USUARIO, NOM_USUARIO, APELLIDO_USUARIO, ALIAS_USUARIO, CLAVE_USUARIO) values (24, 'Kalle', 'Ditchburn', 'kditchburnn', 'I1rdsV5');
insert into public.USUARIO  (COD_USUARIO, NOM_USUARIO, APELLIDO_USUARIO, ALIAS_USUARIO, CLAVE_USUARIO) values (25, 'Conroy', 'Kollaschek', 'ckollascheko', 'Tx0V5TxGClb');
insert into public.USUARIO  (COD_USUARIO, NOM_USUARIO, APELLIDO_USUARIO, ALIAS_USUARIO, CLAVE_USUARIO) values (26, 'Caro', 'McCole', 'cmccolep', 'tzy5r3bzTZ');
insert into public.USUARIO  (COD_USUARIO, NOM_USUARIO, APELLIDO_USUARIO, ALIAS_USUARIO, CLAVE_USUARIO) values (27, 'Francois', 'Casetti', 'fcasettiq', 'Zi2IJc4');
insert into public.USUARIO  (COD_USUARIO, NOM_USUARIO, APELLIDO_USUARIO, ALIAS_USUARIO, CLAVE_USUARIO) values (28, 'Jacquenetta', 'Bodicam', 'jbodicamr', 'LEoSldxId');
insert into public.USUARIO  (COD_USUARIO, NOM_USUARIO, APELLIDO_USUARIO, ALIAS_USUARIO, CLAVE_USUARIO) values (29, 'Row', 'Andrasch', 'randraschs', '2JclrwlK89x');
insert into public.USUARIO  (COD_USUARIO, NOM_USUARIO, APELLIDO_USUARIO, ALIAS_USUARIO, CLAVE_USUARIO) values (30, 'Ferd', 'O''Cullinane', 'focullinanet', 'l3W2Ozp01');
insert into public.USUARIO  (COD_USUARIO, NOM_USUARIO, APELLIDO_USUARIO, ALIAS_USUARIO, CLAVE_USUARIO) values (31, 'Monique', 'Maving', 'mmavingu', 'ypFgYjU8');
insert into public.USUARIO  (COD_USUARIO, NOM_USUARIO, APELLIDO_USUARIO, ALIAS_USUARIO, CLAVE_USUARIO) values (32, 'Giustina', 'Lafrentz', 'glafrentzv', '6G6XJZXKwvN');
insert into public.USUARIO  (COD_USUARIO, NOM_USUARIO, APELLIDO_USUARIO, ALIAS_USUARIO, CLAVE_USUARIO) values (33, 'Caressa', 'Blackater', 'cblackaterw', 'NQ3Q2HzIVyOd');
insert into public.USUARIO  (COD_USUARIO, NOM_USUARIO, APELLIDO_USUARIO, ALIAS_USUARIO, CLAVE_USUARIO) values (34, 'Doug', 'Wiltshaw', 'dwiltshawx', 'UbObvexL6p');
insert into public.USUARIO  (COD_USUARIO, NOM_USUARIO, APELLIDO_USUARIO, ALIAS_USUARIO, CLAVE_USUARIO) values (35, 'Roz', 'Poynor', 'rpoynory', 'xarODmnel');
insert into public.USUARIO  (COD_USUARIO, NOM_USUARIO, APELLIDO_USUARIO, ALIAS_USUARIO, CLAVE_USUARIO) values (36, 'Gus', 'Boniface', 'gbonifacez', 'H54iqkDDEj2W');
insert into public.USUARIO  (COD_USUARIO, NOM_USUARIO, APELLIDO_USUARIO, ALIAS_USUARIO, CLAVE_USUARIO) values (37, 'Angeline', 'Kingman', 'akingman10', 'vUhyvll2v');
insert into public.USUARIO  (COD_USUARIO, NOM_USUARIO, APELLIDO_USUARIO, ALIAS_USUARIO, CLAVE_USUARIO) values (38, 'Wainwright', 'Brindle', 'wbrindle11', 'wpXjM2');
insert into public.USUARIO  (COD_USUARIO, NOM_USUARIO, APELLIDO_USUARIO, ALIAS_USUARIO, CLAVE_USUARIO) values (39, 'Pepi', 'Pariso', 'ppariso12', '5GALmV3LBKY');
insert into public.USUARIO  (COD_USUARIO, NOM_USUARIO, APELLIDO_USUARIO, ALIAS_USUARIO, CLAVE_USUARIO) values (40, 'Cullan', 'Mallya', 'cmallya13', 'egg6gDSA8Z3b');
insert into public.USUARIO  (COD_USUARIO, NOM_USUARIO, APELLIDO_USUARIO, ALIAS_USUARIO, CLAVE_USUARIO) values (41, 'Goober', 'Pauer', 'gpauer14', '3IroRw');
insert into public.USUARIO  (COD_USUARIO, NOM_USUARIO, APELLIDO_USUARIO, ALIAS_USUARIO, CLAVE_USUARIO) values (42, 'Drusy', 'Oxteby', 'doxteby15', 'HtEcKRn');
insert into public.USUARIO  (COD_USUARIO, NOM_USUARIO, APELLIDO_USUARIO, ALIAS_USUARIO, CLAVE_USUARIO) values (43, 'Pietra', 'Cheeseman', 'pcheeseman16', 'AiuRyl8');
insert into public.USUARIO  (COD_USUARIO, NOM_USUARIO, APELLIDO_USUARIO, ALIAS_USUARIO, CLAVE_USUARIO) values (44, 'Betsey', 'Derrick', 'bderrick17', 'mPvTwTOPme3');
insert into public.USUARIO  (COD_USUARIO, NOM_USUARIO, APELLIDO_USUARIO, ALIAS_USUARIO, CLAVE_USUARIO) values (45, 'Merwyn', 'Malloch', 'mmalloch18', 'o7KkSOp');
insert into public.USUARIO  (COD_USUARIO, NOM_USUARIO, APELLIDO_USUARIO, ALIAS_USUARIO, CLAVE_USUARIO) values (46, 'Robinet', 'Westgarth', 'rwestgarth19', 'RBJJnhLTZ');
insert into public.USUARIO  (COD_USUARIO, NOM_USUARIO, APELLIDO_USUARIO, ALIAS_USUARIO, CLAVE_USUARIO) values (47, 'Ileane', 'Sirr', 'isirr1a', 'BaHn1K');
insert into public.USUARIO  (COD_USUARIO, NOM_USUARIO, APELLIDO_USUARIO, ALIAS_USUARIO, CLAVE_USUARIO) values (48, 'Basile', 'Bennough', 'bbennough1b', 'H6RZypCGQGCw');
insert into public.USUARIO  (COD_USUARIO, NOM_USUARIO, APELLIDO_USUARIO, ALIAS_USUARIO, CLAVE_USUARIO) values (49, 'Cordy', 'Ricart', 'cricart1c', 'ixND4S');
insert into public.USUARIO  (COD_USUARIO, NOM_USUARIO, APELLIDO_USUARIO, ALIAS_USUARIO, CLAVE_USUARIO) values (50, 'Nadeen', 'Chadderton', 'nchadderton1d', '594G0WEn');
insert into public.USUARIO  (COD_USUARIO, NOM_USUARIO, APELLIDO_USUARIO, ALIAS_USUARIO, CLAVE_USUARIO) values (51, 'Marina', 'Scoffham', 'mscoffham1e', '09DdYNvB7');
insert into public.USUARIO  (COD_USUARIO, NOM_USUARIO, APELLIDO_USUARIO, ALIAS_USUARIO, CLAVE_USUARIO) values (52, 'Kessia', 'Pearce', 'kpearce1f', 'lcKfBMhFX');
insert into public.USUARIO  (COD_USUARIO, NOM_USUARIO, APELLIDO_USUARIO, ALIAS_USUARIO, CLAVE_USUARIO) values (53, 'Barbee', 'Brechin', 'bbrechin1g', 'NTZFN6cn2j');
insert into public.USUARIO  (COD_USUARIO, NOM_USUARIO, APELLIDO_USUARIO, ALIAS_USUARIO, CLAVE_USUARIO) values (54, 'Olwen', 'McKinna', 'omckinna1h', 'wTJ2f4zWRS');
insert into public.USUARIO  (COD_USUARIO, NOM_USUARIO, APELLIDO_USUARIO, ALIAS_USUARIO, CLAVE_USUARIO) values (55, 'Tammie', 'Geerits', 'tgeerits1i', 'Wqbg1LLglI2');
insert into public.USUARIO  (COD_USUARIO, NOM_USUARIO, APELLIDO_USUARIO, ALIAS_USUARIO, CLAVE_USUARIO) values (56, 'Carrol', 'Ramelet', 'cramelet1j', '52dptHidHu');
insert into public.USUARIO  (COD_USUARIO, NOM_USUARIO, APELLIDO_USUARIO, ALIAS_USUARIO, CLAVE_USUARIO) values (57, 'Geordie', 'Bleue', 'gbleue1k', 'rANr4em');
insert into public.USUARIO  (COD_USUARIO, NOM_USUARIO, APELLIDO_USUARIO, ALIAS_USUARIO, CLAVE_USUARIO) values (58, 'Tyrus', 'Brainsby', 'tbrainsby1l', 'NirShjsUU');
insert into public.USUARIO  (COD_USUARIO, NOM_USUARIO, APELLIDO_USUARIO, ALIAS_USUARIO, CLAVE_USUARIO) values (59, 'Cammie', 'Levins', 'clevins1m', 'Qowi3T0qma4G');
insert into public.USUARIO  (COD_USUARIO, NOM_USUARIO, APELLIDO_USUARIO, ALIAS_USUARIO, CLAVE_USUARIO) values (60, 'Marin', 'Bunney', 'mbunney1n', 'Jw5n08rmz');
insert into public.USUARIO  (COD_USUARIO, NOM_USUARIO, APELLIDO_USUARIO, ALIAS_USUARIO, CLAVE_USUARIO) values (61, 'Lurleen', 'Ricciardi', 'lricciardi1o', 'Tun6I6');
insert into public.USUARIO  (COD_USUARIO, NOM_USUARIO, APELLIDO_USUARIO, ALIAS_USUARIO, CLAVE_USUARIO) values (62, 'Alf', 'Simenet', 'asimenet1p', '7EcmzeQRmR');
insert into public.USUARIO  (COD_USUARIO, NOM_USUARIO, APELLIDO_USUARIO, ALIAS_USUARIO, CLAVE_USUARIO) values (63, 'Barr', 'Hallows', 'bhallows1q', 'HX1dS6');
insert into public.USUARIO  (COD_USUARIO, NOM_USUARIO, APELLIDO_USUARIO, ALIAS_USUARIO, CLAVE_USUARIO) values (64, 'Hardy', 'Skellorne', 'hskellorne1r', 'npofbxem');
insert into public.USUARIO  (COD_USUARIO, NOM_USUARIO, APELLIDO_USUARIO, ALIAS_USUARIO, CLAVE_USUARIO) values (65, 'Rosabel', 'Phizacklea', 'rphizacklea1s', 'VU7irnq878p');
insert into public.USUARIO  (COD_USUARIO, NOM_USUARIO, APELLIDO_USUARIO, ALIAS_USUARIO, CLAVE_USUARIO) values (66, 'Lida', 'Ducker', 'lducker1t', 'nbaOjs9irs');
insert into public.USUARIO  (COD_USUARIO, NOM_USUARIO, APELLIDO_USUARIO, ALIAS_USUARIO, CLAVE_USUARIO) values (67, 'Willey', 'Hatterslay', 'whatterslay1u', 'VcEVhhO');
insert into public.USUARIO  (COD_USUARIO, NOM_USUARIO, APELLIDO_USUARIO, ALIAS_USUARIO, CLAVE_USUARIO) values (68, 'Reube', 'de Marco', 'rdemarco1v', 'Jeawshl');
insert into public.USUARIO  (COD_USUARIO, NOM_USUARIO, APELLIDO_USUARIO, ALIAS_USUARIO, CLAVE_USUARIO) values (69, 'Chery', 'Keating', 'ckeating1w', '5L0Tvnbxj3');
insert into public.USUARIO  (COD_USUARIO, NOM_USUARIO, APELLIDO_USUARIO, ALIAS_USUARIO, CLAVE_USUARIO) values (70, 'Gusella', 'Sproule', 'gsproule1x', 'ejWsvYVAob');
insert into public.USUARIO  (COD_USUARIO, NOM_USUARIO, APELLIDO_USUARIO, ALIAS_USUARIO, CLAVE_USUARIO) values (71, 'Shaina', 'Eldritt', 'seldritt1y', '8P3Xdyu');
insert into public.USUARIO  (COD_USUARIO, NOM_USUARIO, APELLIDO_USUARIO, ALIAS_USUARIO, CLAVE_USUARIO) values (72, 'Wilburt', 'Goodayle', 'wgoodayle1z', 'lPrrWc');
insert into public.USUARIO  (COD_USUARIO, NOM_USUARIO, APELLIDO_USUARIO, ALIAS_USUARIO, CLAVE_USUARIO) values (73, 'Angel', 'Polkinghorne', 'apolkinghorne20', 'q6O9dX8Ex6cx');
insert into public.USUARIO  (COD_USUARIO, NOM_USUARIO, APELLIDO_USUARIO, ALIAS_USUARIO, CLAVE_USUARIO) values (74, 'Clementina', 'Denny', 'cdenny21', 'k9OXbb5FnLA');
insert into public.USUARIO  (COD_USUARIO, NOM_USUARIO, APELLIDO_USUARIO, ALIAS_USUARIO, CLAVE_USUARIO) values (75, 'Taryn', 'Condell', 'tcondell22', 'x0fUdLnBTwr');
insert into public.USUARIO  (COD_USUARIO, NOM_USUARIO, APELLIDO_USUARIO, ALIAS_USUARIO, CLAVE_USUARIO) values (76, 'Danie', 'Donett', 'ddonett23', 's1ArJvQ');
insert into public.USUARIO  (COD_USUARIO, NOM_USUARIO, APELLIDO_USUARIO, ALIAS_USUARIO, CLAVE_USUARIO) values (77, 'Gregor', 'Delyth', 'gdelyth24', 'mfk9paDT4N');
insert into public.USUARIO  (COD_USUARIO, NOM_USUARIO, APELLIDO_USUARIO, ALIAS_USUARIO, CLAVE_USUARIO) values (78, 'Nancy', 'Mullineux', 'nmullineux25', 'aIwXsF');
insert into public.USUARIO  (COD_USUARIO, NOM_USUARIO, APELLIDO_USUARIO, ALIAS_USUARIO, CLAVE_USUARIO) values (79, 'Wendie', 'Kloska', 'wkloska26', 'XCWhQsOO4');
insert into public.USUARIO  (COD_USUARIO, NOM_USUARIO, APELLIDO_USUARIO, ALIAS_USUARIO, CLAVE_USUARIO) values (80, 'Marleah', 'Turnock', 'mturnock27', 'gntfdmZe71l');
insert into public.USUARIO  (COD_USUARIO, NOM_USUARIO, APELLIDO_USUARIO, ALIAS_USUARIO, CLAVE_USUARIO) values (81, 'Josi', 'Jedrys', 'jjedrys28', '3M8hqu');
insert into public.USUARIO  (COD_USUARIO, NOM_USUARIO, APELLIDO_USUARIO, ALIAS_USUARIO, CLAVE_USUARIO) values (82, 'Purcell', 'Willavize', 'pwillavize29', 'USk9jG');
insert into public.USUARIO  (COD_USUARIO, NOM_USUARIO, APELLIDO_USUARIO, ALIAS_USUARIO, CLAVE_USUARIO) values (83, 'Darby', 'Worts', 'dworts2a', 'JYFfYhdBmx7t');
insert into public.USUARIO  (COD_USUARIO, NOM_USUARIO, APELLIDO_USUARIO, ALIAS_USUARIO, CLAVE_USUARIO) values (84, 'Joel', 'Geeraert', 'jgeeraert2b', 'cdNZk5Ze');
insert into public.USUARIO  (COD_USUARIO, NOM_USUARIO, APELLIDO_USUARIO, ALIAS_USUARIO, CLAVE_USUARIO) values (85, 'Zak', 'Audas', 'zaudas2c', 'Ku4au2a2t9uV');
insert into public.USUARIO  (COD_USUARIO, NOM_USUARIO, APELLIDO_USUARIO, ALIAS_USUARIO, CLAVE_USUARIO) values (86, 'Prue', 'Burwell', 'pburwell2d', 'HJXZ4nwT47');
insert into public.USUARIO  (COD_USUARIO, NOM_USUARIO, APELLIDO_USUARIO, ALIAS_USUARIO, CLAVE_USUARIO) values (87, 'Jacklin', 'Ellens', 'jellens2e', 'Xduzwq');
insert into public.USUARIO  (COD_USUARIO, NOM_USUARIO, APELLIDO_USUARIO, ALIAS_USUARIO, CLAVE_USUARIO) values (88, 'Lira', 'Whittingham', 'lwhittingham2f', 'SlQ9rZJ');
insert into public.USUARIO  (COD_USUARIO, NOM_USUARIO, APELLIDO_USUARIO, ALIAS_USUARIO, CLAVE_USUARIO) values (89, 'Doralia', 'Herity', 'dherity2g', 'Hwrh873LMQQ');
insert into public.USUARIO  (COD_USUARIO, NOM_USUARIO, APELLIDO_USUARIO, ALIAS_USUARIO, CLAVE_USUARIO) values (90, 'Cynthie', 'Sheehan', 'csheehan2h', 'LHXKicv4y');
insert into public.USUARIO  (COD_USUARIO, NOM_USUARIO, APELLIDO_USUARIO, ALIAS_USUARIO, CLAVE_USUARIO) values (91, 'Irving', 'Sprull', 'isprull2i', 'g8CBtMvc1L');
insert into public.USUARIO  (COD_USUARIO, NOM_USUARIO, APELLIDO_USUARIO, ALIAS_USUARIO, CLAVE_USUARIO) values (92, 'Sebastiano', 'Napoli', 'snapoli2j', 'jA9VNuY3Op');
insert into public.USUARIO  (COD_USUARIO, NOM_USUARIO, APELLIDO_USUARIO, ALIAS_USUARIO, CLAVE_USUARIO) values (93, 'Whitby', 'Michallat', 'wmichallat2k', 'TzRxJa');
insert into public.USUARIO  (COD_USUARIO, NOM_USUARIO, APELLIDO_USUARIO, ALIAS_USUARIO, CLAVE_USUARIO) values (94, 'Karole', 'Allner', 'kallner2l', '4vAOY8A');
insert into public.USUARIO  (COD_USUARIO, NOM_USUARIO, APELLIDO_USUARIO, ALIAS_USUARIO, CLAVE_USUARIO) values (95, 'Melly', 'Hoofe', 'mhoofe2m', 'pdrEcKGabWgB');
insert into public.USUARIO  (COD_USUARIO, NOM_USUARIO, APELLIDO_USUARIO, ALIAS_USUARIO, CLAVE_USUARIO) values (96, 'Massimiliano', 'Miebes', 'mmiebes2n', 'jH64ZMRn');
insert into public.USUARIO  (COD_USUARIO, NOM_USUARIO, APELLIDO_USUARIO, ALIAS_USUARIO, CLAVE_USUARIO) values (97, 'Ingeberg', 'Yukhin', 'iyukhin2o', 'EzoA7xHI');
insert into public.USUARIO  (COD_USUARIO, NOM_USUARIO, APELLIDO_USUARIO, ALIAS_USUARIO, CLAVE_USUARIO) values (98, 'Edmund', 'Neild', 'eneild2p', 'UaC4j3xq');
insert into public.USUARIO  (COD_USUARIO, NOM_USUARIO, APELLIDO_USUARIO, ALIAS_USUARIO, CLAVE_USUARIO) values (99, 'Valdemar', 'Krienke', 'vkrienke2q', 'EAGhfEDXOd');
insert into public.USUARIO  (COD_USUARIO, NOM_USUARIO, APELLIDO_USUARIO, ALIAS_USUARIO, CLAVE_USUARIO) values (100, 'Shane', 'Urling', 'surling2r', '6SXMS7mUFk');

-- INSERCIÓN DE DATOS TABLA CONSULTORIO
  INSERT INTO public.CONSULTORIO (COD_CONSULTORIO, NOM_CONSULTORIO) VALUES (1, 'CONSULTORIO MEDICINA INTERNA  1-A ');
  INSERT INTO public.CONSULTORIO (COD_CONSULTORIO, NOM_CONSULTORIO) VALUES (2, 'CONSULTORIO ENDOCRINOLOGÍA  1-A ');
  INSERT INTO public.CONSULTORIO (COD_CONSULTORIO, NOM_CONSULTORIO) VALUES (3, 'CONSULTORIO UROLOGÍA  1-A ');
  INSERT INTO public.CONSULTORIO (COD_CONSULTORIO, NOM_CONSULTORIO) VALUES (4, 'CONSULTORIO REUMATOLOGÍA  1-A ');
  INSERT INTO public.CONSULTORIO (COD_CONSULTORIO, NOM_CONSULTORIO) VALUES (5, 'CONSULTORIO NEUROLOGÍA  1-A ');
  INSERT INTO public.CONSULTORIO (COD_CONSULTORIO, NOM_CONSULTORIO) VALUES (6, 'CONSULTORIO ANESTESIA (CITA PREANESTÉSICA)  1-A ');
  INSERT INTO public.CONSULTORIO (COD_CONSULTORIO, NOM_CONSULTORIO) VALUES (7, 'CONSULTORIO HEMATOLOGÍA  1-A ');
  INSERT INTO public.CONSULTORIO (COD_CONSULTORIO, NOM_CONSULTORIO) VALUES (8, 'CONSULTORIO HEPATOLOGÍA  1-A ');
  INSERT INTO public.CONSULTORIO (COD_CONSULTORIO, NOM_CONSULTORIO) VALUES (9, 'CONSULTORIO ONCOLOGÍA ADULTOS  1-A ');
  INSERT INTO public.CONSULTORIO (COD_CONSULTORIO, NOM_CONSULTORIO) VALUES (10, 'CONSULTORIO CIRUGÍA DE MAMA Y TEJIDOS BLANDOS  1-A ');
  INSERT INTO public.CONSULTORIO (COD_CONSULTORIO, NOM_CONSULTORIO) VALUES (11, 'CONSULTORIO GINECOLOGÍA ONCOLÓGICA  1-A ');
  INSERT INTO public.CONSULTORIO (COD_CONSULTORIO, NOM_CONSULTORIO) VALUES (12, 'CONSULTORIO DOLOR Y CUIDADOS PALIATIVOS  1-A ');
  INSERT INTO public.CONSULTORIO (COD_CONSULTORIO, NOM_CONSULTORIO) VALUES (13, 'CONSULTORIO UROLOGÍA ONCOLÓGICA  1-A ');
  INSERT INTO public.CONSULTORIO (COD_CONSULTORIO, NOM_CONSULTORIO) VALUES (14, 'CONSULTORIO PEDIATRÍA  1-A ');
  INSERT INTO public.CONSULTORIO (COD_CONSULTORIO, NOM_CONSULTORIO) VALUES (15, 'CONSULTORIO NEFROLOGÍA PEDIÁTRICA  1-A ');
  INSERT INTO public.CONSULTORIO (COD_CONSULTORIO, NOM_CONSULTORIO) VALUES (16, 'CONSULTORIO NEUMOLOGÍA PEDIÁTRICA  1-A ');
  INSERT INTO public.CONSULTORIO (COD_CONSULTORIO, NOM_CONSULTORIO) VALUES (17, 'CONSULTORIO REUMATOLOGÍA PEDIÁTRICA  1-A ');
  INSERT INTO public.CONSULTORIO (COD_CONSULTORIO, NOM_CONSULTORIO) VALUES (18, 'CONSULTORIO GASTROENTEROLOGÍA PEDIÁTRICA  1-A ');
  INSERT INTO public.CONSULTORIO (COD_CONSULTORIO, NOM_CONSULTORIO) VALUES (19, 'CONSULTORIO ANESTESIA (CITA PREANESTÉSICA)  1-A ');
  INSERT INTO public.CONSULTORIO (COD_CONSULTORIO, NOM_CONSULTORIO) VALUES (20, 'CONSULTORIO URODINAMIA 1-A ');
  INSERT INTO public.CONSULTORIO (COD_CONSULTORIO, NOM_CONSULTORIO) VALUES (21, 'CONSULTORIO UROFLUJOMETRÍA 1-A ');
  INSERT INTO public.CONSULTORIO (COD_CONSULTORIO, NOM_CONSULTORIO) VALUES (22, 'CONSULTORIO RETIRO Y COLOCACIÓN DE SONDA VESICAL 1-A ');
  INSERT INTO public.CONSULTORIO (COD_CONSULTORIO, NOM_CONSULTORIO) VALUES (23, 'CONSULTORIO RETIRO DE CATÉTER DOBLE J 1-A ');
  INSERT INTO public.CONSULTORIO (COD_CONSULTORIO, NOM_CONSULTORIO) VALUES (24, 'CONSULTORIO CRIOTERAPIA GENITAL 1-A ');
  INSERT INTO public.CONSULTORIO (COD_CONSULTORIO, NOM_CONSULTORIO) VALUES (25, 'CONSULTORIO MEDICINA INTERNA  2-B ');
  INSERT INTO public.CONSULTORIO (COD_CONSULTORIO, NOM_CONSULTORIO) VALUES (26, 'CONSULTORIO ENDOCRINOLOGÍA  2-B ');
  INSERT INTO public.CONSULTORIO (COD_CONSULTORIO, NOM_CONSULTORIO) VALUES (27, 'CONSULTORIO UROLOGÍA  2-B ');
  INSERT INTO public.CONSULTORIO (COD_CONSULTORIO, NOM_CONSULTORIO) VALUES (28, 'CONSULTORIO REUMATOLOGÍA  2-B ');
  INSERT INTO public.CONSULTORIO (COD_CONSULTORIO, NOM_CONSULTORIO) VALUES (29, 'CONSULTORIO NEUROLOGÍA  2-B ');
  INSERT INTO public.CONSULTORIO (COD_CONSULTORIO, NOM_CONSULTORIO) VALUES (30, 'CONSULTORIO ANESTESIA (CITA PREANESTÉSICA)  2-B ');
  INSERT INTO public.CONSULTORIO (COD_CONSULTORIO, NOM_CONSULTORIO) VALUES (31, 'CONSULTORIO HEMATOLOGÍA  2-B ');
  INSERT INTO public.CONSULTORIO (COD_CONSULTORIO, NOM_CONSULTORIO) VALUES (32, 'CONSULTORIO HEPATOLOGÍA  2-B ');
  INSERT INTO public.CONSULTORIO (COD_CONSULTORIO, NOM_CONSULTORIO) VALUES (33, 'CONSULTORIO ONCOLOGÍA ADULTOS  2-B ');
  INSERT INTO public.CONSULTORIO (COD_CONSULTORIO, NOM_CONSULTORIO) VALUES (34, 'CONSULTORIO CIRUGÍA DE MAMA Y TEJIDOS BLANDOS  2-B ');
  INSERT INTO public.CONSULTORIO (COD_CONSULTORIO, NOM_CONSULTORIO) VALUES (35, 'CONSULTORIO GINECOLOGÍA ONCOLÓGICA  2-B ');
  INSERT INTO public.CONSULTORIO (COD_CONSULTORIO, NOM_CONSULTORIO) VALUES (36, 'CONSULTORIO DOLOR Y CUIDADOS PALIATIVOS  2-B ');
  INSERT INTO public.CONSULTORIO (COD_CONSULTORIO, NOM_CONSULTORIO) VALUES (37, 'CONSULTORIO UROLOGÍA ONCOLÓGICA  2-B ');
  INSERT INTO public.CONSULTORIO (COD_CONSULTORIO, NOM_CONSULTORIO) VALUES (38, 'CONSULTORIO PEDIATRÍA  2-B ');
  INSERT INTO public.CONSULTORIO (COD_CONSULTORIO, NOM_CONSULTORIO) VALUES (39, 'CONSULTORIO NEFROLOGÍA PEDIÁTRICA  2-B ');
  INSERT INTO public.CONSULTORIO (COD_CONSULTORIO, NOM_CONSULTORIO) VALUES (40, 'CONSULTORIO NEUMOLOGÍA PEDIÁTRICA  2-B ');
  INSERT INTO public.CONSULTORIO (COD_CONSULTORIO, NOM_CONSULTORIO) VALUES (41, 'CONSULTORIO REUMATOLOGÍA PEDIÁTRICA  2-B ');
  INSERT INTO public.CONSULTORIO (COD_CONSULTORIO, NOM_CONSULTORIO) VALUES (42, 'CONSULTORIO GASTROENTEROLOGÍA PEDIÁTRICA  2-B ');
  INSERT INTO public.CONSULTORIO (COD_CONSULTORIO, NOM_CONSULTORIO) VALUES (43, 'CONSULTORIO ANESTESIA (CITA PREANESTÉSICA)  2-B ');
  INSERT INTO public.CONSULTORIO (COD_CONSULTORIO, NOM_CONSULTORIO) VALUES (44, 'CONSULTORIO URODINAMIA 2-B ');
  INSERT INTO public.CONSULTORIO (COD_CONSULTORIO, NOM_CONSULTORIO) VALUES (45, 'CONSULTORIO UROFLUJOMETRÍA 2-B ');
  INSERT INTO public.CONSULTORIO (COD_CONSULTORIO, NOM_CONSULTORIO) VALUES (46, 'CONSULTORIO RETIRO Y COLOCACIÓN DE SONDA VESICAL 2-B ');
  INSERT INTO public.CONSULTORIO (COD_CONSULTORIO, NOM_CONSULTORIO) VALUES (47, 'CONSULTORIO RETIRO DE CATÉTER DOBLE J 2-B ');
  INSERT INTO public.CONSULTORIO (COD_CONSULTORIO, NOM_CONSULTORIO) VALUES (48, 'CONSULTORIO CRIOTERAPIA GENITAL 2-B ');
  INSERT INTO public.CONSULTORIO (COD_CONSULTORIO, NOM_CONSULTORIO) VALUES (49, 'CONSULTORIO MEDICINA INTERNA  3-C ');
  INSERT INTO public.CONSULTORIO (COD_CONSULTORIO, NOM_CONSULTORIO) VALUES (50, 'CONSULTORIO ENDOCRINOLOGÍA  3-C ');
  INSERT INTO public.CONSULTORIO (COD_CONSULTORIO, NOM_CONSULTORIO) VALUES (51, 'CONSULTORIO UROLOGÍA  3-C ');
  INSERT INTO public.CONSULTORIO (COD_CONSULTORIO, NOM_CONSULTORIO) VALUES (52, 'CONSULTORIO REUMATOLOGÍA  3-C ');
  INSERT INTO public.CONSULTORIO (COD_CONSULTORIO, NOM_CONSULTORIO) VALUES (53, 'CONSULTORIO NEUROLOGÍA  3-C ');
  INSERT INTO public.CONSULTORIO (COD_CONSULTORIO, NOM_CONSULTORIO) VALUES (54, 'CONSULTORIO ANESTESIA (CITA PREANESTÉSICA)  3-C ');
  INSERT INTO public.CONSULTORIO (COD_CONSULTORIO, NOM_CONSULTORIO) VALUES (55, 'CONSULTORIO HEMATOLOGÍA  3-C ');
  INSERT INTO public.CONSULTORIO (COD_CONSULTORIO, NOM_CONSULTORIO) VALUES (56, 'CONSULTORIO HEPATOLOGÍA  3-C ');
  INSERT INTO public.CONSULTORIO (COD_CONSULTORIO, NOM_CONSULTORIO) VALUES (57, 'CONSULTORIO ONCOLOGÍA ADULTOS  3-C ');
  INSERT INTO public.CONSULTORIO (COD_CONSULTORIO, NOM_CONSULTORIO) VALUES (58, 'CONSULTORIO CIRUGÍA DE MAMA Y TEJIDOS BLANDOS  3-C ');
  INSERT INTO public.CONSULTORIO (COD_CONSULTORIO, NOM_CONSULTORIO) VALUES (59, 'CONSULTORIO GINECOLOGÍA ONCOLÓGICA  3-C ');
  INSERT INTO public.CONSULTORIO (COD_CONSULTORIO, NOM_CONSULTORIO) VALUES (60, 'CONSULTORIO DOLOR Y CUIDADOS PALIATIVOS  3-C ');
  INSERT INTO public.CONSULTORIO (COD_CONSULTORIO, NOM_CONSULTORIO) VALUES (61, 'CONSULTORIO UROLOGÍA ONCOLÓGICA  3-C ');
  INSERT INTO public.CONSULTORIO (COD_CONSULTORIO, NOM_CONSULTORIO) VALUES (62, 'CONSULTORIO PEDIATRÍA  3-C ');
  INSERT INTO public.CONSULTORIO (COD_CONSULTORIO, NOM_CONSULTORIO) VALUES (63, 'CONSULTORIO NEFROLOGÍA PEDIÁTRICA  3-C ');
  INSERT INTO public.CONSULTORIO (COD_CONSULTORIO, NOM_CONSULTORIO) VALUES (64, 'CONSULTORIO NEUMOLOGÍA PEDIÁTRICA  3-C ');
  INSERT INTO public.CONSULTORIO (COD_CONSULTORIO, NOM_CONSULTORIO) VALUES (65, 'CONSULTORIO REUMATOLOGÍA PEDIÁTRICA  3-C ');
  INSERT INTO public.CONSULTORIO (COD_CONSULTORIO, NOM_CONSULTORIO) VALUES (66, 'CONSULTORIO GASTROENTEROLOGÍA PEDIÁTRICA  3-C ');
  INSERT INTO public.CONSULTORIO (COD_CONSULTORIO, NOM_CONSULTORIO) VALUES (67, 'CONSULTORIO ANESTESIA (CITA PREANESTÉSICA)  3-C ');
  INSERT INTO public.CONSULTORIO (COD_CONSULTORIO, NOM_CONSULTORIO) VALUES (68, 'CONSULTORIO URODINAMIA 3-C ');
  INSERT INTO public.CONSULTORIO (COD_CONSULTORIO, NOM_CONSULTORIO) VALUES (69, 'CONSULTORIO UROFLUJOMETRÍA 3-C ');
  INSERT INTO public.CONSULTORIO (COD_CONSULTORIO, NOM_CONSULTORIO) VALUES (70, 'CONSULTORIO RETIRO Y COLOCACIÓN DE SONDA VESICAL 3-C ');
  INSERT INTO public.CONSULTORIO (COD_CONSULTORIO, NOM_CONSULTORIO) VALUES (71, 'CONSULTORIO RETIRO DE CATÉTER DOBLE J 3-C ');
  INSERT INTO public.CONSULTORIO (COD_CONSULTORIO, NOM_CONSULTORIO) VALUES (72, 'CONSULTORIO CRIOTERAPIA GENITAL 3-C ');
  INSERT INTO public.CONSULTORIO (COD_CONSULTORIO, NOM_CONSULTORIO) VALUES (73, 'CONSULTORIO MEDICINA INTERNA  4-D ');
  INSERT INTO public.CONSULTORIO (COD_CONSULTORIO, NOM_CONSULTORIO) VALUES (74, 'CONSULTORIO ENDOCRINOLOGÍA  4-D ');
  INSERT INTO public.CONSULTORIO (COD_CONSULTORIO, NOM_CONSULTORIO) VALUES (75, 'CONSULTORIO UROLOGÍA  4-D ');
  INSERT INTO public.CONSULTORIO (COD_CONSULTORIO, NOM_CONSULTORIO) VALUES (76, 'CONSULTORIO REUMATOLOGÍA  4-D ');
  INSERT INTO public.CONSULTORIO (COD_CONSULTORIO, NOM_CONSULTORIO) VALUES (77, 'CONSULTORIO NEUROLOGÍA  4-D ');
  INSERT INTO public.CONSULTORIO (COD_CONSULTORIO, NOM_CONSULTORIO) VALUES (78, 'CONSULTORIO ANESTESIA (CITA PREANESTÉSICA)  4-D ');
  INSERT INTO public.CONSULTORIO (COD_CONSULTORIO, NOM_CONSULTORIO) VALUES (79, 'CONSULTORIO HEMATOLOGÍA  4-D ');
  INSERT INTO public.CONSULTORIO (COD_CONSULTORIO, NOM_CONSULTORIO) VALUES (80, 'CONSULTORIO HEPATOLOGÍA  4-D ');
  INSERT INTO public.CONSULTORIO (COD_CONSULTORIO, NOM_CONSULTORIO) VALUES (81, 'CONSULTORIO ONCOLOGÍA ADULTOS  4-D ');
  INSERT INTO public.CONSULTORIO (COD_CONSULTORIO, NOM_CONSULTORIO) VALUES (82, 'CONSULTORIO CIRUGÍA DE MAMA Y TEJIDOS BLANDOS  4-D ');
  INSERT INTO public.CONSULTORIO (COD_CONSULTORIO, NOM_CONSULTORIO) VALUES (83, 'CONSULTORIO GINECOLOGÍA ONCOLÓGICA  4-D ');
  INSERT INTO public.CONSULTORIO (COD_CONSULTORIO, NOM_CONSULTORIO) VALUES (84, 'CONSULTORIO DOLOR Y CUIDADOS PALIATIVOS  4-D ');
  INSERT INTO public.CONSULTORIO (COD_CONSULTORIO, NOM_CONSULTORIO) VALUES (85, 'CONSULTORIO UROLOGÍA ONCOLÓGICA  4-D ');
  INSERT INTO public.CONSULTORIO (COD_CONSULTORIO, NOM_CONSULTORIO) VALUES (86, 'CONSULTORIO PEDIATRÍA  4-D ');
  INSERT INTO public.CONSULTORIO (COD_CONSULTORIO, NOM_CONSULTORIO) VALUES (87, 'CONSULTORIO NEFROLOGÍA PEDIÁTRICA  4-D ');
  INSERT INTO public.CONSULTORIO (COD_CONSULTORIO, NOM_CONSULTORIO) VALUES (88, 'CONSULTORIO NEUMOLOGÍA PEDIÁTRICA  4-D ');
  INSERT INTO public.CONSULTORIO (COD_CONSULTORIO, NOM_CONSULTORIO) VALUES (89, 'CONSULTORIO REUMATOLOGÍA PEDIÁTRICA  4-D ');
  INSERT INTO public.CONSULTORIO (COD_CONSULTORIO, NOM_CONSULTORIO) VALUES (90, 'CONSULTORIO GASTROENTEROLOGÍA PEDIÁTRICA  4-D ');
  INSERT INTO public.CONSULTORIO (COD_CONSULTORIO, NOM_CONSULTORIO) VALUES (91, 'CONSULTORIO ANESTESIA (CITA PREANESTÉSICA)  4-D ');
  INSERT INTO public.CONSULTORIO (COD_CONSULTORIO, NOM_CONSULTORIO) VALUES (92, 'CONSULTORIO URODINAMIA 4-D ');
  INSERT INTO public.CONSULTORIO (COD_CONSULTORIO, NOM_CONSULTORIO) VALUES (93, 'CONSULTORIO UROFLUJOMETRÍA 4-D ');
  INSERT INTO public.CONSULTORIO (COD_CONSULTORIO, NOM_CONSULTORIO) VALUES (94, 'CONSULTORIO RETIRO Y COLOCACIÓN DE SONDA VESICAL 4-D ');
  INSERT INTO public.CONSULTORIO (COD_CONSULTORIO, NOM_CONSULTORIO) VALUES (95, 'CONSULTORIO RETIRO DE CATÉTER DOBLE J 4-D ');
  INSERT INTO public.CONSULTORIO (COD_CONSULTORIO, NOM_CONSULTORIO) VALUES (96, 'CONSULTORIO CRIOTERAPIA GENITAL 4-D ');
  INSERT INTO public.CONSULTORIO (COD_CONSULTORIO, NOM_CONSULTORIO) VALUES (97, 'CONSULTORIO MEDICINA INTERNA  5-E ');
  INSERT INTO public.CONSULTORIO (COD_CONSULTORIO, NOM_CONSULTORIO) VALUES (98, 'CONSULTORIO ENDOCRINOLOGÍA  5-E ');
  INSERT INTO public.CONSULTORIO (COD_CONSULTORIO, NOM_CONSULTORIO) VALUES (99, 'CONSULTORIO UROLOGÍA  5-E ');
  INSERT INTO public.CONSULTORIO (COD_CONSULTORIO, NOM_CONSULTORIO) VALUES (100, 'CONSULTORIO REUMATOLOGÍA  5-E ');
  INSERT INTO public.CONSULTORIO (COD_CONSULTORIO, NOM_CONSULTORIO) VALUES (101, 'CONSULTORIO NEUROLOGÍA  5-E ');
  INSERT INTO public.CONSULTORIO (COD_CONSULTORIO, NOM_CONSULTORIO) VALUES (102, 'CONSULTORIO ANESTESIA (CITA PREANESTÉSICA)  5-E ');
  INSERT INTO public.CONSULTORIO (COD_CONSULTORIO, NOM_CONSULTORIO) VALUES (103, 'CONSULTORIO HEMATOLOGÍA  5-E ');
  INSERT INTO public.CONSULTORIO (COD_CONSULTORIO, NOM_CONSULTORIO) VALUES (104, 'CONSULTORIO HEPATOLOGÍA  5-E ');
  INSERT INTO public.CONSULTORIO (COD_CONSULTORIO, NOM_CONSULTORIO) VALUES (105, 'CONSULTORIO ONCOLOGÍA ADULTOS  5-E ');
  INSERT INTO public.CONSULTORIO (COD_CONSULTORIO, NOM_CONSULTORIO) VALUES (106, 'CONSULTORIO CIRUGÍA DE MAMA Y TEJIDOS BLANDOS  5-E ');
  INSERT INTO public.CONSULTORIO (COD_CONSULTORIO, NOM_CONSULTORIO) VALUES (107, 'CONSULTORIO GINECOLOGÍA ONCOLÓGICA  5-E ');
  INSERT INTO public.CONSULTORIO (COD_CONSULTORIO, NOM_CONSULTORIO) VALUES (108, 'CONSULTORIO DOLOR Y CUIDADOS PALIATIVOS  5-E ');
  INSERT INTO public.CONSULTORIO (COD_CONSULTORIO, NOM_CONSULTORIO) VALUES (109, 'CONSULTORIO UROLOGÍA ONCOLÓGICA  5-E ');
  INSERT INTO public.CONSULTORIO (COD_CONSULTORIO, NOM_CONSULTORIO) VALUES (110, 'CONSULTORIO PEDIATRÍA  5-E ');
  INSERT INTO public.CONSULTORIO (COD_CONSULTORIO, NOM_CONSULTORIO) VALUES (111, 'CONSULTORIO NEFROLOGÍA PEDIÁTRICA  5-E ');
  INSERT INTO public.CONSULTORIO (COD_CONSULTORIO, NOM_CONSULTORIO) VALUES (112, 'CONSULTORIO NEUMOLOGÍA PEDIÁTRICA  5-E ');
  INSERT INTO public.CONSULTORIO (COD_CONSULTORIO, NOM_CONSULTORIO) VALUES (113, 'CONSULTORIO REUMATOLOGÍA PEDIÁTRICA  5-E ');
  INSERT INTO public.CONSULTORIO (COD_CONSULTORIO, NOM_CONSULTORIO) VALUES (114, 'CONSULTORIO GASTROENTEROLOGÍA PEDIÁTRICA  5-E ');
  INSERT INTO public.CONSULTORIO (COD_CONSULTORIO, NOM_CONSULTORIO) VALUES (115, 'CONSULTORIO ANESTESIA (CITA PREANESTÉSICA)  5-E ');
  INSERT INTO public.CONSULTORIO (COD_CONSULTORIO, NOM_CONSULTORIO) VALUES (116, 'CONSULTORIO URODINAMIA 5-E ');
  INSERT INTO public.CONSULTORIO (COD_CONSULTORIO, NOM_CONSULTORIO) VALUES (117, 'CONSULTORIO UROFLUJOMETRÍA 5-E ');
  INSERT INTO public.CONSULTORIO (COD_CONSULTORIO, NOM_CONSULTORIO) VALUES (118, 'CONSULTORIO RETIRO Y COLOCACIÓN DE SONDA VESICAL 5-E ');
  INSERT INTO public.CONSULTORIO (COD_CONSULTORIO, NOM_CONSULTORIO) VALUES (119, 'CONSULTORIO RETIRO DE CATÉTER DOBLE J 5-E ');
  INSERT INTO public.CONSULTORIO (COD_CONSULTORIO, NOM_CONSULTORIO) VALUES (120, 'CONSULTORIO CRIOTERAPIA GENITAL 5-E ');
  INSERT INTO public.CONSULTORIO (COD_CONSULTORIO, NOM_CONSULTORIO) VALUES (121, 'CONSULTORIO MEDICINA INTERNA  6-F ');
  INSERT INTO public.CONSULTORIO (COD_CONSULTORIO, NOM_CONSULTORIO) VALUES (122, 'CONSULTORIO ENDOCRINOLOGÍA  6-F ');
  INSERT INTO public.CONSULTORIO (COD_CONSULTORIO, NOM_CONSULTORIO) VALUES (123, 'CONSULTORIO UROLOGÍA  6-F ');
  INSERT INTO public.CONSULTORIO (COD_CONSULTORIO, NOM_CONSULTORIO) VALUES (124, 'CONSULTORIO REUMATOLOGÍA  6-F ');
  INSERT INTO public.CONSULTORIO (COD_CONSULTORIO, NOM_CONSULTORIO) VALUES (125, 'CONSULTORIO NEUROLOGÍA  6-F ');
  INSERT INTO public.CONSULTORIO (COD_CONSULTORIO, NOM_CONSULTORIO) VALUES (126, 'CONSULTORIO ANESTESIA (CITA PREANESTÉSICA)  6-F ');
  INSERT INTO public.CONSULTORIO (COD_CONSULTORIO, NOM_CONSULTORIO) VALUES (127, 'CONSULTORIO HEMATOLOGÍA  6-F ');
  INSERT INTO public.CONSULTORIO (COD_CONSULTORIO, NOM_CONSULTORIO) VALUES (128, 'CONSULTORIO HEPATOLOGÍA  6-F ');
  INSERT INTO public.CONSULTORIO (COD_CONSULTORIO, NOM_CONSULTORIO) VALUES (129, 'CONSULTORIO ONCOLOGÍA ADULTOS  6-F ');
  INSERT INTO public.CONSULTORIO (COD_CONSULTORIO, NOM_CONSULTORIO) VALUES (130, 'CONSULTORIO CIRUGÍA DE MAMA Y TEJIDOS BLANDOS  6-F ');
  INSERT INTO public.CONSULTORIO (COD_CONSULTORIO, NOM_CONSULTORIO) VALUES (131, 'CONSULTORIO GINECOLOGÍA ONCOLÓGICA  6-F ');
  INSERT INTO public.CONSULTORIO (COD_CONSULTORIO, NOM_CONSULTORIO) VALUES (132, 'CONSULTORIO DOLOR Y CUIDADOS PALIATIVOS  6-F ');
  INSERT INTO public.CONSULTORIO (COD_CONSULTORIO, NOM_CONSULTORIO) VALUES (133, 'CONSULTORIO UROLOGÍA ONCOLÓGICA  6-F ');
  INSERT INTO public.CONSULTORIO (COD_CONSULTORIO, NOM_CONSULTORIO) VALUES (134, 'CONSULTORIO PEDIATRÍA  6-F ');
  INSERT INTO public.CONSULTORIO (COD_CONSULTORIO, NOM_CONSULTORIO) VALUES (135, 'CONSULTORIO NEFROLOGÍA PEDIÁTRICA  6-F ');
  INSERT INTO public.CONSULTORIO (COD_CONSULTORIO, NOM_CONSULTORIO) VALUES (136, 'CONSULTORIO NEUMOLOGÍA PEDIÁTRICA  6-F ');
  INSERT INTO public.CONSULTORIO (COD_CONSULTORIO, NOM_CONSULTORIO) VALUES (137, 'CONSULTORIO REUMATOLOGÍA PEDIÁTRICA  6-F ');
  INSERT INTO public.CONSULTORIO (COD_CONSULTORIO, NOM_CONSULTORIO) VALUES (138, 'CONSULTORIO GASTROENTEROLOGÍA PEDIÁTRICA  6-F ');
  INSERT INTO public.CONSULTORIO (COD_CONSULTORIO, NOM_CONSULTORIO) VALUES (139, 'CONSULTORIO ANESTESIA (CITA PREANESTÉSICA)  6-F ');
  INSERT INTO public.CONSULTORIO (COD_CONSULTORIO, NOM_CONSULTORIO) VALUES (140, 'CONSULTORIO URODINAMIA 6-F ');
  INSERT INTO public.CONSULTORIO (COD_CONSULTORIO, NOM_CONSULTORIO) VALUES (141, 'CONSULTORIO UROFLUJOMETRÍA 6-F ');
  INSERT INTO public.CONSULTORIO (COD_CONSULTORIO, NOM_CONSULTORIO) VALUES (142, 'CONSULTORIO RETIRO Y COLOCACIÓN DE SONDA VESICAL 6-F ');
  INSERT INTO public.CONSULTORIO (COD_CONSULTORIO, NOM_CONSULTORIO) VALUES (143, 'CONSULTORIO RETIRO DE CATÉTER DOBLE J 6-F ');
  INSERT INTO public.CONSULTORIO (COD_CONSULTORIO, NOM_CONSULTORIO) VALUES (144, 'CONSULTORIO CRIOTERAPIA GENITAL 6-F ');

-- INSERCIÓN DE DATOS TABLA MEDICO
  INSERT INTO public.MEDICO (COD_MEDICO, COD_USUARIO, COD_CONSULTORIO) VALUES (1,1,1 );
  INSERT INTO public.MEDICO (COD_MEDICO, COD_USUARIO, COD_CONSULTORIO) VALUES (2,2,2 );
  INSERT INTO public.MEDICO (COD_MEDICO, COD_USUARIO, COD_CONSULTORIO) VALUES (3,3,3 );
  INSERT INTO public.MEDICO (COD_MEDICO, COD_USUARIO, COD_CONSULTORIO) VALUES (4,4,4 );
  INSERT INTO public.MEDICO (COD_MEDICO, COD_USUARIO, COD_CONSULTORIO) VALUES (5,5,5 );
  INSERT INTO public.MEDICO (COD_MEDICO, COD_USUARIO, COD_CONSULTORIO) VALUES (6,6,6 );
  INSERT INTO public.MEDICO (COD_MEDICO, COD_USUARIO, COD_CONSULTORIO) VALUES (7,7,7 );
  INSERT INTO public.MEDICO (COD_MEDICO, COD_USUARIO, COD_CONSULTORIO) VALUES (8,8,8 );
  INSERT INTO public.MEDICO (COD_MEDICO, COD_USUARIO, COD_CONSULTORIO) VALUES (9,9,9 );
  INSERT INTO public.MEDICO (COD_MEDICO, COD_USUARIO, COD_CONSULTORIO) VALUES (10,10,10 );
  INSERT INTO public.MEDICO (COD_MEDICO, COD_USUARIO, COD_CONSULTORIO) VALUES (11,11,11 );
  INSERT INTO public.MEDICO (COD_MEDICO, COD_USUARIO, COD_CONSULTORIO) VALUES (12,12,12 );
  INSERT INTO public.MEDICO (COD_MEDICO, COD_USUARIO, COD_CONSULTORIO) VALUES (13,13,13 );
  INSERT INTO public.MEDICO (COD_MEDICO, COD_USUARIO, COD_CONSULTORIO) VALUES (14,14,14 );
  INSERT INTO public.MEDICO (COD_MEDICO, COD_USUARIO, COD_CONSULTORIO) VALUES (15,15,15 );
  INSERT INTO public.MEDICO (COD_MEDICO, COD_USUARIO, COD_CONSULTORIO) VALUES (16,16,16 );
  INSERT INTO public.MEDICO (COD_MEDICO, COD_USUARIO, COD_CONSULTORIO) VALUES (17,17,17 );
  INSERT INTO public.MEDICO (COD_MEDICO, COD_USUARIO, COD_CONSULTORIO) VALUES (18,18,18 );
  INSERT INTO public.MEDICO (COD_MEDICO, COD_USUARIO, COD_CONSULTORIO) VALUES (19,19,19 );
  INSERT INTO public.MEDICO (COD_MEDICO, COD_USUARIO, COD_CONSULTORIO) VALUES (20,20,20 );
  INSERT INTO public.MEDICO (COD_MEDICO, COD_USUARIO, COD_CONSULTORIO) VALUES (21,21,21 );
  INSERT INTO public.MEDICO (COD_MEDICO, COD_USUARIO, COD_CONSULTORIO) VALUES (22,22,22 );
  INSERT INTO public.MEDICO (COD_MEDICO, COD_USUARIO, COD_CONSULTORIO) VALUES (23,23,23 );
  INSERT INTO public.MEDICO (COD_MEDICO, COD_USUARIO, COD_CONSULTORIO) VALUES (24,24,24 );
  INSERT INTO public.MEDICO (COD_MEDICO, COD_USUARIO, COD_CONSULTORIO) VALUES (25,25,25 );
  INSERT INTO public.MEDICO (COD_MEDICO, COD_USUARIO, COD_CONSULTORIO) VALUES (26,26,26 );
  INSERT INTO public.MEDICO (COD_MEDICO, COD_USUARIO, COD_CONSULTORIO) VALUES (27,27,27 );
  INSERT INTO public.MEDICO (COD_MEDICO, COD_USUARIO, COD_CONSULTORIO) VALUES (28,28,28 );
  INSERT INTO public.MEDICO (COD_MEDICO, COD_USUARIO, COD_CONSULTORIO) VALUES (29,29,29 );
  INSERT INTO public.MEDICO (COD_MEDICO, COD_USUARIO, COD_CONSULTORIO) VALUES (30,30,30 );
  INSERT INTO public.MEDICO (COD_MEDICO, COD_USUARIO, COD_CONSULTORIO) VALUES (31,31,31 );
  INSERT INTO public.MEDICO (COD_MEDICO, COD_USUARIO, COD_CONSULTORIO) VALUES (32,32,32 );
  INSERT INTO public.MEDICO (COD_MEDICO, COD_USUARIO, COD_CONSULTORIO) VALUES (33,33,33 );
  INSERT INTO public.MEDICO (COD_MEDICO, COD_USUARIO, COD_CONSULTORIO) VALUES (34,34,34 );
  INSERT INTO public.MEDICO (COD_MEDICO, COD_USUARIO, COD_CONSULTORIO) VALUES (35,35,35 );
  INSERT INTO public.MEDICO (COD_MEDICO, COD_USUARIO, COD_CONSULTORIO) VALUES (36,36,36 );
  INSERT INTO public.MEDICO (COD_MEDICO, COD_USUARIO, COD_CONSULTORIO) VALUES (37,37,37 );
  INSERT INTO public.MEDICO (COD_MEDICO, COD_USUARIO, COD_CONSULTORIO) VALUES (38,38,38 );
  INSERT INTO public.MEDICO (COD_MEDICO, COD_USUARIO, COD_CONSULTORIO) VALUES (39,39,39 );
  INSERT INTO public.MEDICO (COD_MEDICO, COD_USUARIO, COD_CONSULTORIO) VALUES (40,40,40 );
  INSERT INTO public.MEDICO (COD_MEDICO, COD_USUARIO, COD_CONSULTORIO) VALUES (41,41,41 );
  INSERT INTO public.MEDICO (COD_MEDICO, COD_USUARIO, COD_CONSULTORIO) VALUES (42,42,42 );
  INSERT INTO public.MEDICO (COD_MEDICO, COD_USUARIO, COD_CONSULTORIO) VALUES (43,43,43 );
  INSERT INTO public.MEDICO (COD_MEDICO, COD_USUARIO, COD_CONSULTORIO) VALUES (44,44,44 );
  INSERT INTO public.MEDICO (COD_MEDICO, COD_USUARIO, COD_CONSULTORIO) VALUES (45,45,45 );
  INSERT INTO public.MEDICO (COD_MEDICO, COD_USUARIO, COD_CONSULTORIO) VALUES (46,46,46 );
  INSERT INTO public.MEDICO (COD_MEDICO, COD_USUARIO, COD_CONSULTORIO) VALUES (47,47,47 );
  INSERT INTO public.MEDICO (COD_MEDICO, COD_USUARIO, COD_CONSULTORIO) VALUES (48,48,48 );
  INSERT INTO public.MEDICO (COD_MEDICO, COD_USUARIO, COD_CONSULTORIO) VALUES (49,49,49 );
  INSERT INTO public.MEDICO (COD_MEDICO, COD_USUARIO, COD_CONSULTORIO) VALUES (50,50,50 );
  INSERT INTO public.MEDICO (COD_MEDICO, COD_USUARIO, COD_CONSULTORIO) VALUES (51,51,51 );
  INSERT INTO public.MEDICO (COD_MEDICO, COD_USUARIO, COD_CONSULTORIO) VALUES (52,52,52 );
  INSERT INTO public.MEDICO (COD_MEDICO, COD_USUARIO, COD_CONSULTORIO) VALUES (53,53,53 );
  INSERT INTO public.MEDICO (COD_MEDICO, COD_USUARIO, COD_CONSULTORIO) VALUES (54,54,54 );
  INSERT INTO public.MEDICO (COD_MEDICO, COD_USUARIO, COD_CONSULTORIO) VALUES (55,55,55 );
  INSERT INTO public.MEDICO (COD_MEDICO, COD_USUARIO, COD_CONSULTORIO) VALUES (56,56,56 );
  INSERT INTO public.MEDICO (COD_MEDICO, COD_USUARIO, COD_CONSULTORIO) VALUES (57,57,57 );
  INSERT INTO public.MEDICO (COD_MEDICO, COD_USUARIO, COD_CONSULTORIO) VALUES (58,58,58 );
  INSERT INTO public.MEDICO (COD_MEDICO, COD_USUARIO, COD_CONSULTORIO) VALUES (59,59,59 );
  INSERT INTO public.MEDICO (COD_MEDICO, COD_USUARIO, COD_CONSULTORIO) VALUES (60,60,60 );
  INSERT INTO public.MEDICO (COD_MEDICO, COD_USUARIO, COD_CONSULTORIO) VALUES (61,61,61 );
  INSERT INTO public.MEDICO (COD_MEDICO, COD_USUARIO, COD_CONSULTORIO) VALUES (62,62,62 );
  INSERT INTO public.MEDICO (COD_MEDICO, COD_USUARIO, COD_CONSULTORIO) VALUES (63,63,63 );
  INSERT INTO public.MEDICO (COD_MEDICO, COD_USUARIO, COD_CONSULTORIO) VALUES (64,64,64 );
  INSERT INTO public.MEDICO (COD_MEDICO, COD_USUARIO, COD_CONSULTORIO) VALUES (65,65,65 );
  INSERT INTO public.MEDICO (COD_MEDICO, COD_USUARIO, COD_CONSULTORIO) VALUES (66,66,66 );
  INSERT INTO public.MEDICO (COD_MEDICO, COD_USUARIO, COD_CONSULTORIO) VALUES (67,67,67 );
  INSERT INTO public.MEDICO (COD_MEDICO, COD_USUARIO, COD_CONSULTORIO) VALUES (68,68,68 );
  INSERT INTO public.MEDICO (COD_MEDICO, COD_USUARIO, COD_CONSULTORIO) VALUES (69,69,69 );
  INSERT INTO public.MEDICO (COD_MEDICO, COD_USUARIO, COD_CONSULTORIO) VALUES (70,70,70 );
  INSERT INTO public.MEDICO (COD_MEDICO, COD_USUARIO, COD_CONSULTORIO) VALUES (71,71,71 );
  INSERT INTO public.MEDICO (COD_MEDICO, COD_USUARIO, COD_CONSULTORIO) VALUES (72,72,72 );
  INSERT INTO public.MEDICO (COD_MEDICO, COD_USUARIO, COD_CONSULTORIO) VALUES (73,73,73 );
  INSERT INTO public.MEDICO (COD_MEDICO, COD_USUARIO, COD_CONSULTORIO) VALUES (74,74,74 );
  INSERT INTO public.MEDICO (COD_MEDICO, COD_USUARIO, COD_CONSULTORIO) VALUES (75,75,75 );
  INSERT INTO public.MEDICO (COD_MEDICO, COD_USUARIO, COD_CONSULTORIO) VALUES (76,76,76 );
  INSERT INTO public.MEDICO (COD_MEDICO, COD_USUARIO, COD_CONSULTORIO) VALUES (77,77,77 );
  INSERT INTO public.MEDICO (COD_MEDICO, COD_USUARIO, COD_CONSULTORIO) VALUES (78,78,78 );
  INSERT INTO public.MEDICO (COD_MEDICO, COD_USUARIO, COD_CONSULTORIO) VALUES (79,79,79 );
  INSERT INTO public.MEDICO (COD_MEDICO, COD_USUARIO, COD_CONSULTORIO) VALUES (80,80,80 );
  INSERT INTO public.MEDICO (COD_MEDICO, COD_USUARIO, COD_CONSULTORIO) VALUES (81,81,81 );
  INSERT INTO public.MEDICO (COD_MEDICO, COD_USUARIO, COD_CONSULTORIO) VALUES (82,82,82 );
  INSERT INTO public.MEDICO (COD_MEDICO, COD_USUARIO, COD_CONSULTORIO) VALUES (83,83,83 );
  INSERT INTO public.MEDICO (COD_MEDICO, COD_USUARIO, COD_CONSULTORIO) VALUES (84,84,84 );
  INSERT INTO public.MEDICO (COD_MEDICO, COD_USUARIO, COD_CONSULTORIO) VALUES (85,85,85 );
  INSERT INTO public.MEDICO (COD_MEDICO, COD_USUARIO, COD_CONSULTORIO) VALUES (86,86,86 );
  INSERT INTO public.MEDICO (COD_MEDICO, COD_USUARIO, COD_CONSULTORIO) VALUES (87,87,87 );
  INSERT INTO public.MEDICO (COD_MEDICO, COD_USUARIO, COD_CONSULTORIO) VALUES (88,88,88 );
  INSERT INTO public.MEDICO (COD_MEDICO, COD_USUARIO, COD_CONSULTORIO) VALUES (89,89,89 );
  INSERT INTO public.MEDICO (COD_MEDICO, COD_USUARIO, COD_CONSULTORIO) VALUES (90,90,90 );
  INSERT INTO public.MEDICO (COD_MEDICO, COD_USUARIO, COD_CONSULTORIO) VALUES (91,91,91 );
  INSERT INTO public.MEDICO (COD_MEDICO, COD_USUARIO, COD_CONSULTORIO) VALUES (92,92,92 );
  INSERT INTO public.MEDICO (COD_MEDICO, COD_USUARIO, COD_CONSULTORIO) VALUES (93,93,93 );
  INSERT INTO public.MEDICO (COD_MEDICO, COD_USUARIO, COD_CONSULTORIO) VALUES (94,94,94 );
  INSERT INTO public.MEDICO (COD_MEDICO, COD_USUARIO, COD_CONSULTORIO) VALUES (95,95,95 );
  INSERT INTO public.MEDICO (COD_MEDICO, COD_USUARIO, COD_CONSULTORIO) VALUES (96,96,96 );
  INSERT INTO public.MEDICO (COD_MEDICO, COD_USUARIO, COD_CONSULTORIO) VALUES (97,97,97 );
  INSERT INTO public.MEDICO (COD_MEDICO, COD_USUARIO, COD_CONSULTORIO) VALUES (98,98,98 );
  INSERT INTO public.MEDICO (COD_MEDICO, COD_USUARIO, COD_CONSULTORIO) VALUES (99,99,99 );
  INSERT INTO public.MEDICO (COD_MEDICO, COD_USUARIO, COD_CONSULTORIO) VALUES (100,100,100 );

-- INSERCIÓN DE DATOS TABLA DETALLE ESPECIALIDAD
  INSERT INTO public.DETALLE_ESPECIALIDAD (COD_MEDICO, COD_ESPECIALIDAD) VALUES (1,1 );
  INSERT INTO public.DETALLE_ESPECIALIDAD (COD_MEDICO, COD_ESPECIALIDAD) VALUES (2,2 );
  INSERT INTO public.DETALLE_ESPECIALIDAD (COD_MEDICO, COD_ESPECIALIDAD) VALUES (3,3 );
  INSERT INTO public.DETALLE_ESPECIALIDAD (COD_MEDICO, COD_ESPECIALIDAD) VALUES (4,4 );
  INSERT INTO public.DETALLE_ESPECIALIDAD (COD_MEDICO, COD_ESPECIALIDAD) VALUES (5,5 );
  INSERT INTO public.DETALLE_ESPECIALIDAD (COD_MEDICO, COD_ESPECIALIDAD) VALUES (6,6 );
  INSERT INTO public.DETALLE_ESPECIALIDAD (COD_MEDICO, COD_ESPECIALIDAD) VALUES (7,7 );
  INSERT INTO public.DETALLE_ESPECIALIDAD (COD_MEDICO, COD_ESPECIALIDAD) VALUES (8,8 );
  INSERT INTO public.DETALLE_ESPECIALIDAD (COD_MEDICO, COD_ESPECIALIDAD) VALUES (9,9 );
  INSERT INTO public.DETALLE_ESPECIALIDAD (COD_MEDICO, COD_ESPECIALIDAD) VALUES (10,10 );
  INSERT INTO public.DETALLE_ESPECIALIDAD (COD_MEDICO, COD_ESPECIALIDAD) VALUES (11,11 );
  INSERT INTO public.DETALLE_ESPECIALIDAD (COD_MEDICO, COD_ESPECIALIDAD) VALUES (12,12 );
  INSERT INTO public.DETALLE_ESPECIALIDAD (COD_MEDICO, COD_ESPECIALIDAD) VALUES (13,13 );
  INSERT INTO public.DETALLE_ESPECIALIDAD (COD_MEDICO, COD_ESPECIALIDAD) VALUES (14,14 );
  INSERT INTO public.DETALLE_ESPECIALIDAD (COD_MEDICO, COD_ESPECIALIDAD) VALUES (15,15 );
  INSERT INTO public.DETALLE_ESPECIALIDAD (COD_MEDICO, COD_ESPECIALIDAD) VALUES (16,16 );
  INSERT INTO public.DETALLE_ESPECIALIDAD (COD_MEDICO, COD_ESPECIALIDAD) VALUES (17,17 );
  INSERT INTO public.DETALLE_ESPECIALIDAD (COD_MEDICO, COD_ESPECIALIDAD) VALUES (18,18 );
  INSERT INTO public.DETALLE_ESPECIALIDAD (COD_MEDICO, COD_ESPECIALIDAD) VALUES (19,19 );
  INSERT INTO public.DETALLE_ESPECIALIDAD (COD_MEDICO, COD_ESPECIALIDAD) VALUES (20,20 );
  INSERT INTO public.DETALLE_ESPECIALIDAD (COD_MEDICO, COD_ESPECIALIDAD) VALUES (21,21 );
  INSERT INTO public.DETALLE_ESPECIALIDAD (COD_MEDICO, COD_ESPECIALIDAD) VALUES (22,22 );
  INSERT INTO public.DETALLE_ESPECIALIDAD (COD_MEDICO, COD_ESPECIALIDAD) VALUES (23,23 );
  INSERT INTO public.DETALLE_ESPECIALIDAD (COD_MEDICO, COD_ESPECIALIDAD) VALUES (24,24 );
  INSERT INTO public.DETALLE_ESPECIALIDAD (COD_MEDICO, COD_ESPECIALIDAD) VALUES (25,25 );
  INSERT INTO public.DETALLE_ESPECIALIDAD (COD_MEDICO, COD_ESPECIALIDAD) VALUES (26,26 );
  INSERT INTO public.DETALLE_ESPECIALIDAD (COD_MEDICO, COD_ESPECIALIDAD) VALUES (27,27 );
  INSERT INTO public.DETALLE_ESPECIALIDAD (COD_MEDICO, COD_ESPECIALIDAD) VALUES (28,28 );
  INSERT INTO public.DETALLE_ESPECIALIDAD (COD_MEDICO, COD_ESPECIALIDAD) VALUES (29,29 );
  INSERT INTO public.DETALLE_ESPECIALIDAD (COD_MEDICO, COD_ESPECIALIDAD) VALUES (30,30 );
  INSERT INTO public.DETALLE_ESPECIALIDAD (COD_MEDICO, COD_ESPECIALIDAD) VALUES (31,31 );
  INSERT INTO public.DETALLE_ESPECIALIDAD (COD_MEDICO, COD_ESPECIALIDAD) VALUES (32,32 );
  INSERT INTO public.DETALLE_ESPECIALIDAD (COD_MEDICO, COD_ESPECIALIDAD) VALUES (33,33 );
  INSERT INTO public.DETALLE_ESPECIALIDAD (COD_MEDICO, COD_ESPECIALIDAD) VALUES (34,34 );
  INSERT INTO public.DETALLE_ESPECIALIDAD (COD_MEDICO, COD_ESPECIALIDAD) VALUES (35,35 );
  INSERT INTO public.DETALLE_ESPECIALIDAD (COD_MEDICO, COD_ESPECIALIDAD) VALUES (36,1 );
  INSERT INTO public.DETALLE_ESPECIALIDAD (COD_MEDICO, COD_ESPECIALIDAD) VALUES (37,2 );
  INSERT INTO public.DETALLE_ESPECIALIDAD (COD_MEDICO, COD_ESPECIALIDAD) VALUES (38,3 );
  INSERT INTO public.DETALLE_ESPECIALIDAD (COD_MEDICO, COD_ESPECIALIDAD) VALUES (39,4 );
  INSERT INTO public.DETALLE_ESPECIALIDAD (COD_MEDICO, COD_ESPECIALIDAD) VALUES (40,5 );
  INSERT INTO public.DETALLE_ESPECIALIDAD (COD_MEDICO, COD_ESPECIALIDAD) VALUES (41,6 );
  INSERT INTO public.DETALLE_ESPECIALIDAD (COD_MEDICO, COD_ESPECIALIDAD) VALUES (42,7 );
  INSERT INTO public.DETALLE_ESPECIALIDAD (COD_MEDICO, COD_ESPECIALIDAD) VALUES (43,8 );
  INSERT INTO public.DETALLE_ESPECIALIDAD (COD_MEDICO, COD_ESPECIALIDAD) VALUES (44,9 );
  INSERT INTO public.DETALLE_ESPECIALIDAD (COD_MEDICO, COD_ESPECIALIDAD) VALUES (45,10 );
  INSERT INTO public.DETALLE_ESPECIALIDAD (COD_MEDICO, COD_ESPECIALIDAD) VALUES (46,11 );
  INSERT INTO public.DETALLE_ESPECIALIDAD (COD_MEDICO, COD_ESPECIALIDAD) VALUES (47,12 );
  INSERT INTO public.DETALLE_ESPECIALIDAD (COD_MEDICO, COD_ESPECIALIDAD) VALUES (48,13 );
  INSERT INTO public.DETALLE_ESPECIALIDAD (COD_MEDICO, COD_ESPECIALIDAD) VALUES (49,14 );
  INSERT INTO public.DETALLE_ESPECIALIDAD (COD_MEDICO, COD_ESPECIALIDAD) VALUES (50,15 );
  INSERT INTO public.DETALLE_ESPECIALIDAD (COD_MEDICO, COD_ESPECIALIDAD) VALUES (51,16 );
  INSERT INTO public.DETALLE_ESPECIALIDAD (COD_MEDICO, COD_ESPECIALIDAD) VALUES (52,17 );
  INSERT INTO public.DETALLE_ESPECIALIDAD (COD_MEDICO, COD_ESPECIALIDAD) VALUES (53,18 );
  INSERT INTO public.DETALLE_ESPECIALIDAD (COD_MEDICO, COD_ESPECIALIDAD) VALUES (54,19 );
  INSERT INTO public.DETALLE_ESPECIALIDAD (COD_MEDICO, COD_ESPECIALIDAD) VALUES (55,20 );
  INSERT INTO public.DETALLE_ESPECIALIDAD (COD_MEDICO, COD_ESPECIALIDAD) VALUES (56,21 );
  INSERT INTO public.DETALLE_ESPECIALIDAD (COD_MEDICO, COD_ESPECIALIDAD) VALUES (57,22 );
  INSERT INTO public.DETALLE_ESPECIALIDAD (COD_MEDICO, COD_ESPECIALIDAD) VALUES (58,23 );
  INSERT INTO public.DETALLE_ESPECIALIDAD (COD_MEDICO, COD_ESPECIALIDAD) VALUES (59,24 );
  INSERT INTO public.DETALLE_ESPECIALIDAD (COD_MEDICO, COD_ESPECIALIDAD) VALUES (60,25 );
  INSERT INTO public.DETALLE_ESPECIALIDAD (COD_MEDICO, COD_ESPECIALIDAD) VALUES (61,26 );
  INSERT INTO public.DETALLE_ESPECIALIDAD (COD_MEDICO, COD_ESPECIALIDAD) VALUES (62,27 );
  INSERT INTO public.DETALLE_ESPECIALIDAD (COD_MEDICO, COD_ESPECIALIDAD) VALUES (63,28 );
  INSERT INTO public.DETALLE_ESPECIALIDAD (COD_MEDICO, COD_ESPECIALIDAD) VALUES (64,29 );
  INSERT INTO public.DETALLE_ESPECIALIDAD (COD_MEDICO, COD_ESPECIALIDAD) VALUES (65,30 );
  INSERT INTO public.DETALLE_ESPECIALIDAD (COD_MEDICO, COD_ESPECIALIDAD) VALUES (66,31 );
  INSERT INTO public.DETALLE_ESPECIALIDAD (COD_MEDICO, COD_ESPECIALIDAD) VALUES (67,32 );
  INSERT INTO public.DETALLE_ESPECIALIDAD (COD_MEDICO, COD_ESPECIALIDAD) VALUES (68,33 );
  INSERT INTO public.DETALLE_ESPECIALIDAD (COD_MEDICO, COD_ESPECIALIDAD) VALUES (69,34 );
  INSERT INTO public.DETALLE_ESPECIALIDAD (COD_MEDICO, COD_ESPECIALIDAD) VALUES (70,35 );
  INSERT INTO public.DETALLE_ESPECIALIDAD (COD_MEDICO, COD_ESPECIALIDAD) VALUES (71,1 );
  INSERT INTO public.DETALLE_ESPECIALIDAD (COD_MEDICO, COD_ESPECIALIDAD) VALUES (72,2 );
  INSERT INTO public.DETALLE_ESPECIALIDAD (COD_MEDICO, COD_ESPECIALIDAD) VALUES (73,3 );
  INSERT INTO public.DETALLE_ESPECIALIDAD (COD_MEDICO, COD_ESPECIALIDAD) VALUES (74,4 );
  INSERT INTO public.DETALLE_ESPECIALIDAD (COD_MEDICO, COD_ESPECIALIDAD) VALUES (75,5 );
  INSERT INTO public.DETALLE_ESPECIALIDAD (COD_MEDICO, COD_ESPECIALIDAD) VALUES (76,6 );
  INSERT INTO public.DETALLE_ESPECIALIDAD (COD_MEDICO, COD_ESPECIALIDAD) VALUES (77,7 );
  INSERT INTO public.DETALLE_ESPECIALIDAD (COD_MEDICO, COD_ESPECIALIDAD) VALUES (78,8 );
  INSERT INTO public.DETALLE_ESPECIALIDAD (COD_MEDICO, COD_ESPECIALIDAD) VALUES (79,9 );
  INSERT INTO public.DETALLE_ESPECIALIDAD (COD_MEDICO, COD_ESPECIALIDAD) VALUES (80,10 );
  INSERT INTO public.DETALLE_ESPECIALIDAD (COD_MEDICO, COD_ESPECIALIDAD) VALUES (81,11 );
  INSERT INTO public.DETALLE_ESPECIALIDAD (COD_MEDICO, COD_ESPECIALIDAD) VALUES (82,12 );
  INSERT INTO public.DETALLE_ESPECIALIDAD (COD_MEDICO, COD_ESPECIALIDAD) VALUES (83,13 );
  INSERT INTO public.DETALLE_ESPECIALIDAD (COD_MEDICO, COD_ESPECIALIDAD) VALUES (84,14 );
  INSERT INTO public.DETALLE_ESPECIALIDAD (COD_MEDICO, COD_ESPECIALIDAD) VALUES (85,15 );
  INSERT INTO public.DETALLE_ESPECIALIDAD (COD_MEDICO, COD_ESPECIALIDAD) VALUES (86,16 );
  INSERT INTO public.DETALLE_ESPECIALIDAD (COD_MEDICO, COD_ESPECIALIDAD) VALUES (87,17 );
  INSERT INTO public.DETALLE_ESPECIALIDAD (COD_MEDICO, COD_ESPECIALIDAD) VALUES (88,18 );
  INSERT INTO public.DETALLE_ESPECIALIDAD (COD_MEDICO, COD_ESPECIALIDAD) VALUES (89,19 );
  INSERT INTO public.DETALLE_ESPECIALIDAD (COD_MEDICO, COD_ESPECIALIDAD) VALUES (90,20 );
  INSERT INTO public.DETALLE_ESPECIALIDAD (COD_MEDICO, COD_ESPECIALIDAD) VALUES (91,21 );
  INSERT INTO public.DETALLE_ESPECIALIDAD (COD_MEDICO, COD_ESPECIALIDAD) VALUES (92,22 );
  INSERT INTO public.DETALLE_ESPECIALIDAD (COD_MEDICO, COD_ESPECIALIDAD) VALUES (93,23 );
  INSERT INTO public.DETALLE_ESPECIALIDAD (COD_MEDICO, COD_ESPECIALIDAD) VALUES (94,24 );
  INSERT INTO public.DETALLE_ESPECIALIDAD (COD_MEDICO, COD_ESPECIALIDAD) VALUES (95,25 );
  INSERT INTO public.DETALLE_ESPECIALIDAD (COD_MEDICO, COD_ESPECIALIDAD) VALUES (96,26 );
  INSERT INTO public.DETALLE_ESPECIALIDAD (COD_MEDICO, COD_ESPECIALIDAD) VALUES (97,27 );
  INSERT INTO public.DETALLE_ESPECIALIDAD (COD_MEDICO, COD_ESPECIALIDAD) VALUES (98,28 );
  INSERT INTO public.DETALLE_ESPECIALIDAD (COD_MEDICO, COD_ESPECIALIDAD) VALUES (99,29 );
  INSERT INTO public.DETALLE_ESPECIALIDAD (COD_MEDICO, COD_ESPECIALIDAD) VALUES (100,30 );

-- INSERCIÓN DE DATOS TABLA HORARIO
INSERT INTO public.HORARIO (COD_HORARIO, HORA_INICIO, HORA_FIN) VALUES (1 , '1/1/22 07:00:00', '1/1/22 15:00:00');
INSERT INTO public.HORARIO (COD_HORARIO, HORA_INICIO, HORA_FIN) VALUES (2 , '1/1/22 15:00:00', '1/1/22 23:00:00');
INSERT INTO public.HORARIO (COD_HORARIO, HORA_INICIO, HORA_FIN) VALUES (3 , '2/1/22 15:00:00', '2/1/22 7:00:00');

-- INSERCIÓN DE DATOS TABLA AGENDA
INSERT INTO public.AGENDA (COD_AGENDA, FECHA_AGENDA) VALUES (1 , '1/1/22');
INSERT INTO public.AGENDA (COD_AGENDA, FECHA_AGENDA) VALUES (2 , '1/2/22');
INSERT INTO public.AGENDA (COD_AGENDA, FECHA_AGENDA) VALUES (3 , '1/3/22');
INSERT INTO public.AGENDA (COD_AGENDA, FECHA_AGENDA) VALUES (4 , '1/4/22');
INSERT INTO public.AGENDA (COD_AGENDA, FECHA_AGENDA) VALUES (5 , '1/5/22');
INSERT INTO public.AGENDA (COD_AGENDA, FECHA_AGENDA) VALUES (6 , '1/6/22');
INSERT INTO public.AGENDA (COD_AGENDA, FECHA_AGENDA) VALUES (7 , '1/7/22');
INSERT INTO public.AGENDA (COD_AGENDA, FECHA_AGENDA) VALUES (8 , '1/8/22');
INSERT INTO public.AGENDA (COD_AGENDA, FECHA_AGENDA) VALUES (9 , '1/9/22');
INSERT INTO public.AGENDA (COD_AGENDA, FECHA_AGENDA) VALUES (10 , '1/10/22');

-- INSERCIÓN DE DATOS TABLA DETALLE AGENDA
INSERT INTO public.DETALLE_AGENDA (COD_HORARIO, COD_AGENDA) VALUES (3 , 1);
INSERT INTO public.DETALLE_AGENDA (COD_HORARIO, COD_AGENDA) VALUES (1 , 2);
INSERT INTO public.DETALLE_AGENDA (COD_HORARIO, COD_AGENDA) VALUES (2 , 3);
INSERT INTO public.DETALLE_AGENDA (COD_HORARIO, COD_AGENDA) VALUES (3 , 4);
INSERT INTO public.DETALLE_AGENDA (COD_HORARIO, COD_AGENDA) VALUES (2 , 5);
INSERT INTO public.DETALLE_AGENDA (COD_HORARIO, COD_AGENDA) VALUES (2 , 6);
INSERT INTO public.DETALLE_AGENDA (COD_HORARIO, COD_AGENDA) VALUES (1 , 7);
INSERT INTO public.DETALLE_AGENDA (COD_HORARIO, COD_AGENDA) VALUES (3 , 8);
INSERT INTO public.DETALLE_AGENDA (COD_HORARIO, COD_AGENDA) VALUES (3 , 9);
INSERT INTO public.DETALLE_AGENDA (COD_HORARIO, COD_AGENDA) VALUES (1 , 10);

-- INSERCIÓN DE DATOS TABLA AGENDA MEDICO
INSERT INTO public.AGENDA_MEDICO (COD_MEDICO, COD_AGENDA) VALUES (2 , 3);
INSERT INTO public.AGENDA_MEDICO (COD_MEDICO, COD_AGENDA) VALUES (3 , 2);
INSERT INTO public.AGENDA_MEDICO (COD_MEDICO, COD_AGENDA) VALUES (4 , 1);
INSERT INTO public.AGENDA_MEDICO (COD_MEDICO, COD_AGENDA) VALUES (5 , 5);
INSERT INTO public.AGENDA_MEDICO (COD_MEDICO, COD_AGENDA) VALUES (6 , 8);
INSERT INTO public.AGENDA_MEDICO (COD_MEDICO, COD_AGENDA) VALUES (7 , 5);
INSERT INTO public.AGENDA_MEDICO (COD_MEDICO, COD_AGENDA) VALUES (8 , 2);
INSERT INTO public.AGENDA_MEDICO (COD_MEDICO, COD_AGENDA) VALUES (9 , 1);
INSERT INTO public.AGENDA_MEDICO (COD_MEDICO, COD_AGENDA) VALUES (10 , 3);
